id;login;first_name;last_name;email;language;profiles;created_date;modified_date;activated;password
1;Towels Licensed PCI;Asia;Keebler;Wiley_Weissnat@gmail.com;Expressway;Account pink hacking;2022-02-20;2022-02-20;true;aggregate
2;Chips;Delaney;Hoeger;Deonte82@gmail.com;programming payment Analyst;Identity tan USB;2022-02-20;2022-02-20;true;innovative
3;Engineer Way services;Kariane;Kerluke;Maudie67@gmail.com;bus Delaware;Human;2022-02-20;2022-02-19;true;mobile input Pants
4;Czech International;Demario;Dietrich;Lionel87@gmail.com;Zambia haptic Future-proofed;copy ROI Bedfordshire;2022-02-20;2022-02-20;true;Awesome Soft
5;withdrawal;Soledad;Kessler;Winifred.Corwin@yahoo.com;deposit Internal;Usability Health Automotive;2022-02-20;2022-02-20;true;Movies Bacon
6;Re-engineered Kip;Lisa;Lesch;Kira.Kassulke@yahoo.com;synthesizing;moratorium withdrawal;2022-02-20;2022-02-20;true;clicks-and-mortar
7;New Tactics;Kayden;Hamill;Orville75@gmail.com;withdrawal Automotive Fantastic;index;2022-02-20;2022-02-20;false;Handcrafted
8;mission-critical;Sammy;Conroy;Adrienne.Kerluke@hotmail.com;wireless Toys open-source;Producer Program payment;2022-02-20;2022-02-20;true;Granite
9;program hacking Borders;Luis;Morissette;Kariane.Bechtelar@hotmail.com;Alabama Loan;panel frame;2022-02-20;2022-02-20;true;violet experiences
10;Group Tonga;Hal;Cruickshank;Gust_Predovic@gmail.com;Guinea sensor;multi-byte magenta Administrator;2022-02-20;2022-02-19;true;Greenland
